ID,Game Title

0 Degrees,1612654361
2URVIVE,1855137956
3 out of 10: Season One,1660850673
3on3 FreeStyle,341687485
9 Monkeys of Shaolin,1682735559
11-11 Memories Retold,188225844
20XX,1611397130
39 Days to Mars,1612838382
60 Seconds!,1714878640
112th Seed,1768499765
1979 Revolution: Black Friday,309062877
#Funtime,1757128615
#WarGames,1657880578
>observer_,253370787
A Day Without Me,1860384361
A Fold Apart,1754131976
A Hat in Time,1038499153
A HERO AND A GARDEN,1706896876
A Little Lily Princess,1789832958
A Plague Tale: Innocence,969381141
A Plague Tale: Innocence - Windows 10,1686368600
A Summer with the Shiba Inu,1728966870
A Way Out,869175187
A Winterâ€™s Daydream,1901373103
Aborigenus,1746503914
ACA NEOGEO 3 COUNT BOUT for Windows,1939591328
ACA NEOGEO 2020 SUPER BASEBALL,1701200455
ACA NEOGEO AERO FIGHTERS 2,1758359164
ACA NEOGEO AERO FIGHTERS 3,1823775190
ACA NEOGEO AGGRESSORS OF DARK KOMBAT for Windows,1701185401
ACA NEOGEO ALPHA MISSION II,1699837949
ACA NEOGEO ART OF FIGHTING,1716144881
ACA NEOGEO ART OF FIGHTING 2,1977415136
ACA NEOGEO ART OF FIGHTING 3 for Windows,1976630039
ACA NEOGEO BASEBALL STARS 2 for Windows,1770850144
ACA NEOGEO BASEBALL STARS PROFESSIONAL,2055344457
ACA NEOGEO BLAZING STAR,1688198598
ACA NEOGEO BLUE'S JOURNEY,1789385168
ACA NEOGEO BURNING FIGHT,2131854107
ACA NEOGEO CROSSED SWORDS for Windows,1800744595
ACA NEOGEO CYBER-LIP for Windows,1669006511
ACA NEOGEO FATAL FURY,1718478232
ACA NEOGEO FATAL FURY 2,1788342021
ACA NEOGEO FATAL FURY 3,1663414564
ACA NEOGEO FATAL FURY SPECIAL,1860382405
ACA NEOGEO FOOTBALL FRENZY for Windows,2143656879
ACA NEOGEO GALAXY FIGHT: UNIVERSAL WARRIORS,2131885858
ACA NEOGEO GAROU: MARK OF THE WOLVES for Windows,1969729662
ACA NEOGEO GHOST PILOTS,1938102722
ACA NEOGEO Gururin,2143108784
ACA NEOGEO KING OF THE MONSTERS,1979494676
ACA NEOGEO KING OF THE MONSTERS 2 for Windows,1803118690
ACA NEOGEO KIZUNA ENCOUNTER for Windows,2048122343
ACA NEOGEO LAST RESORT,1892964985
ACA NEOGEO LEAGUE BOWLING for Windows,1918876063
ACA NEOGEO MAGICAL DROP II,1978162500
ACA NEOGEO MAGICAL DROP III,1655378478
ACA NEOGEO MAGICIAN LORD,2003935652
ACA NEOGEO METAL SLUG 2,1839622239
ACA NEOGEO METAL SLUG 3,1620740906
ACA NEOGEO METAL SLUG 4 for Windows,1670850723
ACA NEOGEO METAL SLUG 5 for Windows,1847786076
ACA NEOGEO METAL SLUG X,2059320064
ACA NEOGEO Money Puzzle Exchanger,1930253483
ACA NEOGEO MUTATION NATION,1968900621
ACA NEOGEO NAM-1975,1693769729
ACA NEOGEO NEO GEO CUP '98: THE ROAD TO THE VICTORY for Windows,1831887873
ACA NEOGEO NEO TURF MASTERS,1634336034
ACA NEOGEO NINJA COMBAT	2059560208
ACA NEOGEO NINJA COMMANDO for Windows,1931017847
ACA NEOGEO OVER TOP,1721685011
ACA NEOGEO PLEASURE GOALï¼š 5 ON 5 MINI SOCCER for Windows,1771664199
ACA NEOGEO POWER SPIKES II,1768777160
ACA NEOGEO PREHISTORIC ISLE 2 for Windows,2085925765
ACA NEOGEO PULSTAR,1729691718
ACA NEOGEO PUZZLE BOBBLE 2 for Windows,1719118328
ACA NEOGEO PUZZLE BOBBLE for Windows,1797974868
ACA NEOGEO PUZZLED,1745554488
ACA NEOGEO RAGNAGARD for Windows,1833088881
ACA NEOGEO REAL BOUT FATAL FURY,1810603436
ACA NEOGEO REAL BOUT FATAL FURY SPECIAL,1902061385
ACA NEOGEO RIDING HERO,1816942618
ACA NEOGEO ROBO ARMY,1857836962
ACA NEOGEO SAMURAI SHODOWN,1642970638
ACA NEOGEO SAMURAI SHODOWN II,1969970579
ACA NEOGEO SAMURAI SHODOWN III,1675736902
ACA NEOGEO SAMURAI SHODOWN IV,1641460880
ACA NEOGEO SAMURAI SHODOWN V,2088120493
ACA NEOGEO SENGOKU,2118221802
ACA NEOGEO SENGOKU 2,1795829038
ACA NEOGEO SENGOKU 3,1887147246
ACA NEOGEO SHOCK TROOPERS,1987259507
ACA NEOGEO SHOCK TROOPERS 2nd Squad,1929840140
ACA NEOGEO SPIN MASTER,2034960541
ACA NEOGEO STAKES WINNER,1805980747
ACA NEOGEO STAKES WINNER 2 for Windows,1944707563
ACA NEOGEO STREET HOOP,1996083615
ACA NEOGEO STRIKERS 1945 PLUS for Windows,1765317358
ACA NEOGEO SUPER SIDEKICKS,1849488064
ACA NEOGEO SUPER SIDEKICKS 2,2045927459
ACA NEOGEO SUPER SIDEKICKS 3 : THE NEXT GLORY,2035781048
ACA NEOGEO THE KING OF FIGHTERS 2000,1972481531
ACA NEOGEO THE KING OF FIGHTERS 2001 for Windows,2050978528
ACA NEOGEO THE KING OF FIGHTERS 2002 for Windows,1902503932
ACA NEOGEO THE KING OF FIGHTERS 2003 for Windows,1719226996
ACA NEOGEO THE KING OF FIGHTERS '94,1993840835
ACA NEOGEO THE KING OF FIGHTERS '95,1894757738
ACA NEOGEO THE KING OF FIGHTERS '96,1792354766
ACA NEOGEO THE KING OF FIGHTERS '97,1710623049
ACA NEOGEO THE KING OF FIGHTERS '98,1733288013
ACA NEOGEO THE KING OF FIGHTERS '99,1982472205
ACA NEOGEO THE LAST BLADE,1763468342
ACA NEOGEO THE LAST BLADE 2,1615298005
ACA NEOGEO THE SUPER SPY,1868952265
ACA NEOGEO THE ULTIMATE 11: SNK FOOTBALL CHAMPIONSHIP for Windows,1663540846
ACA NEOGEO THRASH RALLY for Windows,2091418992
ACA NEOGEO TOP HUNTER RODDY & CATHY,2116045375
ACA NEOGEO TOP PLAYERâ€™S GOLF,2012454608
ACA NEOGEO TWINKLE STAR SPRITES for Windows,1789981590
ACA NEOGEO WAKU WAKU 7,1863141182
ACA NEOGEO WORLD HEROES,1790138032
ACA NEOGEO ZED BLADE,1927413489
ACA NEOGEO ZUPAPA! for Windows,2121102512
Acalesia,1823836835
Access Denied,1668884999
Aces of the Luftwaffe - Squadron,585188640
Achtung! Cthulhu Tactics,121979203
Action Arcade Wrestling,1939634325
Active Neurons 2,2043302400
Active Neurons 3 - Wonders Of The World,1881441406
Active Neurons - Puzzle game,1874758094
Active Soccer 2019,1776750293
ADIOS Amigos,219620906
Adventures of Bertram Fiddle: Episode 1: A Dreadly Business,1974177380
Adventures of Bertram Fiddle: Episode 2: A Bleaker Predicklement,1801290087
Aerial_Knight's Never Yield,1784931030
Aery - A Journey Beyond Time,1659192294
Aery - Broken Memories,2134081246
Aery - Little Bird Adventure,1662914480
Aery - Sky Castle,2067583919
AeternoBlade,263635664
AFL Evolution 2,1763236945
Aftercharge,2046294816
Afterparty,1843310813
Age of Empires Definitive Edition,1755599316
Age of Empires II: Definitive Edition,2064168993
Age of Empires III: Definitive Edition,1850945804
Age of Empires IV,2098787950
Age of Wonders: Planetfall,701037441
Agent A: A puzzle in disguise,1865601871
Agents vs Villain,784003877
Ages of Mages: The last keeper,1838321370
Aggelos,1651580938
Aground,2080141972
Ailment	1885461011
Air Missions: HIND,1064538690
Aircraft Evolution,1757653087
Airheart - Tales of broken Wings,469396406
Akinofa,1694926512
Akuto: Showdown,1846694005
Alba: A Wildlife Adventure,1817202060
Albert and Otto,6731207
Alder's Blood,1729495211
AlienCruise,1781154919
Aliens: Fireteam Elite,1997201494
All-Star Fruit Racing,545851415
Allison's Diary: Rebirth,1644377505
Alluris,1717959976
Almost There: The Platformer,2083214663
Alphaset by POWGI,1885975476
Alteric,508398230
Alvastia Chronicles,1645646111
Alwa's Awakening,1779648042
American Fugitive,189808036
Among Us,1639119975
An Evil Existence,1648049613
Angels with Scaly Wings,1892537035
AngerForce: Reloaded,754515329
Animal Doctor,1740083396
Animal Friends Adventure,1724606671
Animal Super Squad,46350781
Animus - Stand Alone,1692559022
Animus: Revenant,1692346754
Another Sight,1717172856
Anthemâ„¢,49709880
Antiquia Lost,1770151400
AntVentor,1785266369
AO International Tennis 2,1798477678
AO Tennis,880418401
Ape Out,1741459509
Apex Legends,1628516715
Aragami 2,1678543324
Arcade Classics Anniversary Collection,2081200138
Arcade Islands: Volume One,2837772
Arcade Spirits,1879960829
Archaica: The Path Of Light,1814475633
Area 86,2003057356
Arise,490460723
Aritana and the Twin Masks,1696900915
Arizona Sunshine,1708380015
ARK: Survival Evolved,983730484
Arkan: The dog adventurer,1776785850
Arkham Horror: Motherâ€™s Embrace,1727835390
Arrest of a stone Buddha,2033311254
art of rally,1877455960
Ary and the Secret of Seasons,1648951692
ASCENDANCE,1657308331
Asdivine Dios,1973312344
Asdivine Hearts,1897858878
Asdivine Hearts II,2031533178
Asdivine Kamura,1719470969
Asdivine Menace,1742283736
Asemblance: Oversight,936257454
Ashen,909545209
Ashes Cricket,423441812
Asphalt 9,1715349030
Assassin's Creed Valhalla,1728105232
Assassin's CreedÂ® III Remastered,859011533
Assassin's CreedÂ® Odyssey,964818375
Assassin's CreedÂ® Origins,502034863
Assassinâ€™s CreedÂ® Rogue Remastered,954605110
Assault On Metaltron,1867897848
Assetto Corsa Competizione,1687693597
Asterix & Obelix XXL 2,12734978
Asterix & Obelix XXL 3,1841822482
Astrologaster,1916512352
At Sundown: Shots in the Dark,303522429
Atomicrops,2042945112
Atomicrops WIN10,2051565788
Attack of the Earthlings,1746366899
Attack of Toy Tanks,2058605218
ATV Drift & Tricks Definitive Edition,267850304
Autobahn Police Simulator 2,1725237513
Autumn's Journey,1702244274
AVICII Invector,1949426934
Awesome Pea,1647606257
Awesome Pea 2,2086162804
Awkward,1052246602
AXES,1805427680
Babylon 2055 Pinball,991397944
Back 4 Blood,210179407
Back in 1995,1894379072
Backbone,1627444318
Bad North,634298669
Bai Qu: Hundreds of Melodies,1694362955
BALAN WONDERWORLD,1624083933
Baldur's Gate: Dark Alliance,1614240330
Baron: Fur Is Gonna Fly,1691092579
Barry the Bunny,1907546980
Bartlow's Dread Machine,1798008930
Batbarian,1679847034
Battle Princess Madelyn,1735266252
Battletoads,1812456871
Batu ta Batu,1781996402
Bayonetta,2070921614
Beach Buggy Racing 2: Island Adventure,1844143156
Bear With Me: The Lost Robots,1836594113
Bears Canâ€™t Drift!?,1842576204
Beat Me!,1819785466
Beat Saber,1849473846
Bee Simulator,2024847837
Before I Forget,1748114593
Beholder 2,1698840007
BELOW,319764672
Ben 10: Power Trip,1736384528
Bendy and the Ink Machineâ„¢,337857707
Bewitched: Chapter One,1835851520
Beyond Blue,2037703927
Beyond Enemy Lines 2,1671883571
BFF or Die,1885218661
Big Bash Boom,157277421
Big Crown: Showdown,621760503
Big Pharma,2087679407
BIOHAZARD RE:2 Z Version,918284490
BIOHAZARD RE:3 Z Version,420309331
Biped,2111261259
Bird Game +,1886435586
Birthday of Midnight,1709573089
Bitmaster,1954375706
Black Desert Online,1918679142
Black Mirror,552332062
Black Paradox,1866535801
Black Survival: Eternal Return,1617966762
Bladed Fury,1635661974
Blair Witch,1714151217
Blasphemous,1890581353
Blast Zone! Tournament,1727107851
Blaze and the Monster Machines,1972410679
Blazing Chrome,1850970705
Bleeding Edge,1736678881
Blind Men,1662990136
Blitz Breaker,1669104291
BlizzardÂ® Arcade Collection,1841011808
Blood Waves,1864246714
Bloodroots,1730368869
Bloodstained: Curse of the Moon,591630310
Bloodstained: Curse of the Moon 2,1717828260
Bloodstained: Ritual of the Night,1952427486
Bloons TD 6,1698796012
Blue Fire,1664817482
Bone Marrow Console Edition,1678904526
Book of Demons,1695618656
Boom Blaster,1792973243
Boomerang Fu,1865197952
Borderlands: Game of the Year Edition,366337421
BorderlandsÂ®3,756981192
Boss 101,1655169070
Bouncy Bullets,1865164318
Bounty Battle,2056823935
Bow to Blood,1693651580
Boyfriend Dungeon,1857914892
BQM - BlockQuest Maker,1936300879
Braveland Trilogy,1918176431
Brawl Chess,1857651157
Brawlhalla,687339341
Brief Battles,995337746
Bright Memory,2067110068
Broforce,1914086330
Brotherhood United,1831044495
Brunswick Pro Billiards,2114927250
BRUTAL RAGE,1632339731
Bucket Knight,1995019942
Bud Spencer & Terence Hill - Slaps And Beans,720192428
Bug Academy,1739510140
Bullet Beat,1618115231
Bullet Beat,2078016900
Bunny Parking,1908871844
Butterfly 2 (for Windows 10),1762067709
Butterfly (for Windows 10),1633674805
Button City,1736201364
Cake Bash,2077036451
Calico,1650593751
Call Of Duty Cold War,1624636074
Call of DutyÂ®: Black Ops 4,792158305
Call of DutyÂ®: Black Ops Cold War,1790482525
Call of The Sea W10,1721889204
CAN ANDROIDS PRAY: BLUE,2034716130
Candle: The Power of the Flame,83162889
Capcom Arcade Stadium,1802600743
Captain Cat,1734360416
Car Demolition Clicker,1758816552
Cardaclysm: Shards of the Four,1860238573
Caretaker Game,1986181722
Carnival GamesÂ®,870299798
Carrion,2093066399
Carrion Win10,1793054097
Carto,1788708666
Carto (Win 10),1768097848
Cartoon Network: Battle Crashers,293403523
CASE: Animatronics,2140021544
Castle of no Escape 2,1986689469
Castle Pals,1971844258
Castlevania Anniversary Collection,2144913935
Cat Quest II,1987803377
Catastronauts,858859839
Catlateral Damage: Remeowstered,1744298534
Catty & Batty,1876833232
Cave Bad,1808224088
Cave Digger,1619256516
Caves and Castles: Underworld,1860032551
CD-RUN,1647566775
Celeste,245236582
Chaos on Deponia,857446909
Chasm,497019090
Checkers for Kids,1873419207
Chess Knights: Shinobi,1671113577
Chess Knights: Viking Lands,1839042977
Chicken Police - Paint it RED!,1697386135
Chickens Madness,1810648866
Children of Morta,2005154977
Childs Sight,1628737049
Chop is Dish,1855613713
Chronos,880657099
Chronus Arc,1802005257
Cinders,1944985876
Citizens of Space,1942613627
Clan N,1969444828
Clash Force,1974519115
Classic Snake Adventures,1816963357
Claws of Furry,1763187780
Claybook,300490305
Clea 2,1780184182
Clocker,1777903168
Close to the Sun	2106826312
Clumsy Rush	1740009713
Cobra Kai: The Karate Kid Saga Continues	1872936107
Coffee Crisis	111054861
Coffee Talk	2102465429
Cold Silence	1904590412
Cold Silence (for Windows 10)	1761610960
COLINA: Legacy	1824513011
Colossus Down	1713543499
Commander â€™85	1685466605
Concept Destruction	1923495076
Contra Anniversary Collection	1859542622
CONTRA: ROGUE CORPS	1642942095
Control - Xbox Series X	1781344339
Control PCGP	2107339353
Convoy: A Tactical Roguelike	1686804958
Cook-Serve-Delicious! 2!!	2097032200
Cooking Simulator	1989637637
Cosmic Top Secret	2112932864
Cozy Grove	1767974553
Crackdown 3	824378203
Crackdown 3: Campaign	824378203
Crackdown 3: Wrecking Zone	35820305
Craftopia	1642353875
Crash Bandicootâ„¢ N. Sane Trilogy	72159092
Crash Drive 3	1763638559
Crash'n the Boys Street Challenge	1896944991
Crashbots	1662977443
Crashâ„¢ Team Racing Nitro-Fueled	642156375
Crawlers and Brawlers	2121565894
Crayola Scoot	963702216
Creaks	2026017924
Creature in the Well	1854385564
Creepy Road	1836761830
Cricket 19	1620274602
Cricket 19 Windows 10	1709106662
Crimson Keep	1796159913
Crimson Spires	1633443419
Cris Tales	1971702433
Cris Tales Win 10	1724538394
Crossbow Crusade	1712220535
CrossCode	2041763016
CrossKrush	1984954469
Crown Trick	1812286558
CRSED: F.O.A.D.	760882151
Cryogear	2000779427
Crypto by POWGI	1710716754
Crystal Ortha	1765548923
Crystal Rift	1664137567
Cube Raiders	2132710956
CUBERS: ARENA	1959321814
Cuccchi	1711246316
Curse of the Dead Gods	1914646696
Cybarian: The Time Traveling Warrior	1742971944
Cyber Protocol	1833320889
Cyber Shadow	1896010657
Cymatically Muffed	1829175632
Daggerhood	1628427609
Dandara	215134312
Danger Zone	822567888
Danger Zone 2	178127013
Dangerous Driving	1705868586
Dark Alliance	1841290462
Dark Grim Mariupolis	1919541930
Dark Nights with Poe and Munro	1985624416
Dark Quest 2	2042807745
Dark Sauce	1761955784
Darker Skies	1618795137
Darkest Dungeon PC	2076735443
Darkestville Castle	1926303930
Darksiders Genesis	367230746
Darksiders III	524859112
Darksiders III	2002259331
Darkwood	1634898195
Darwin Project	1867293778
Dauntless	1690462158
Dauntless	2017702583
Dawn of Man	1619542068
Day of the Tentacle Remastered	2102421406
DayD: Through Time	1806333404
Daymare: 1998	1805903409
Dead by Daylight (Windows)	1970218801
Dead by Daylight (Xbox)	2035309799
Dead Cells	810101074
Dead Cells	1622132960
Dead Dungeon	1872065352
Dead Dungeon for Windows 10	1869817076
Dead End Job	1951298086
DEAD OR ALIVE 6: Core Fighters	212680242
Dead Rising 4	749916287
Death Stranding	1831239909
Deathloop	1690468494
Debris Infinity	1990927330
Decay	1838411318
Decay of Logos	798989874
Deep Ones	691951030
Deep Rock Galactic	837917131
Deep Space Rush	1738477013
Default Title	112459691
Default Title	852417661
Defend the Bits VR	1762541851
Defender's Quest: Valley of the Forgotten DX	56112755
Defiance 2050	419349778
Defunct	923296121
Degrees of Separation	3469638
Deleveled	1994822207
Deliver Us The Moon	1679835971
Delta Squad	2100585796
Demolish and Build	2088918777
Demon Hunter: Revelation (Xbox Version)	2120838775
DEMON'S TILT	1821772596
Deployment	904189395
Deponia Doomsday	1892426142
Descenders	638965135
Desert Child	655312805
Desperados III	382896606
Desperados III	2070086965
Destiny 2	1762047744
Destroy All Humans	2123860928
Devil May Cry 5	924775200
Devious Dungeon	1704224301
Devious Dungeon 2	1725567866
Dimension Drive	91967131
DIRT 5	1911932812
DiRT Rally 2.0	415563833
DiRT Rally 2.0	1636827856
Disco Dodgeball - REMIX	3462787
Disintegration	252379691
Disjunction	1697327394
Disney Classic Games: Aladdin and The Lion King	1974043980
Disneyland Adventures	791051466
DISTRAINT 2	1960257965
DISTRAINT: Deluxe Edition	1932645237
Do Not Feed the Monkeys	1729965680
Doctor Who: The Lonely Assassins	2078887234
Dodgeball Academia	1823452826
Dog Duty	1784134484
Don't Sink	1960996145
Donut County	1916758859
Doodle Devil: 3volution	1811972603
Doodle God: Evolution	1877331117
Doodle Mafia: Crime City	1628599213
DOOM 3	2096821037
DOOM 64	2136041956
DOOM (1993)	1621285366
DOOM Eternal	331135949
DOOM II (Classic)	2078926688
Door Kickers: Action Squad	2125974437
DOT SHIFTERS	2059289856
Dota 2	1872124110
Double Cross	1726671134
DOUBLE DRAGON	2010409612
Double Dragon 4	1626267222
DOUBLE DRAGON â…¡: The Revenge	2082494703
DOUBLE DRAGON â…¢: The Sacred Stones	1884638750
Double Kick Heroes	1646140981
Doug Hates His Job	1987421796
Doughlings: Arcade	178797566
Doughlings: Invasion	2135476507
Down in Bermuda	1751239168
Downtown Nekketsu March Super-Awesome Field Day!	2088097646
Downtown Nekketsu Story	1824661800
Downtown Special Kunio-kun's Historical Period Drama!	1682273028
Downwell	2021987250
DragoDino	120934966
DRAGON BALL FIGHTERZ	1595954
DRAGON BALL Z: KAKAROT	830718665
DRAGON QUEST XI S: Echoes of an Elusive Age â€“ Definitive Edition	1953182469
Drake Hollow	1721217822
Draugen	1717234675
Draw a Stickman: EPIC 2 Xbox	1853020483
Drawngeon: Dungeons of Ink and Paper	2131696465
Dread Nautical	2058217211
DreamBall	1837663768
Dreaming Sarah	1628797310
Dreamwalker: Never Fall Asleep (Xbox One Version)	1907892230
DreamWorks Dragons Dawn of New Riders	141638183
Driven Out	2097162038
Driving Essentials	1750324834
Drone Gladiator (for Windows 10)	2063752537
Drunk-Fu: Wasted Masters	945282628
Drunken Fist	1873652790
Duck Life Adventure	2100806769
Duck Life Battle	1755178191
Duck Souls+	2106108993
Duke of Defense	2010979464
Dull Grey	1819717980
Dungeon Defenders II	1637803876
Dungeon Escape: Console Edition	1710719518
Dungeon Scavenger	1624814459
Dungeon Slime Collection	2003714857
Dungeons 3	147604411
Dunk Lords	1666801480
Dustoff Heli Rescue 2	654631320
DYE	368677223
Dying Light	1664288261
DÃ©jÃ  Vu	1648052713
Earthfall	571156610
Eastshade	1973165271
Edgar - Bokbok in Boulzac	2096932738
Edna & Harvey: HarveyÂ´s New Eyes	1741967313
Edna & Harvey: The Breakout - Anniversary Edition	2141648684
Educational Games for Kids (for Xbox)	1996027459
Effie	1881981363
eFootball  PES 2020	12206284
Eight Dragons	1931279822
El Hijo - A Wild West Tale	1750555114
Eldest Souls	1706704659
Elea - Episode 1	515933320
Ellen - The Game	1798874997
Elliot	1843366957
Emily Wants to Play Too	651709478
Empire of Sin	2046176982
ENDER LILIES	1773142063
Endless Fables: Dark Moor (Xbox One Version)	1799391615
Endless Fables: Shadow Within	1777299042
Endurance: Space Action	1733662238
Energy Cycle Edge	1713279767
Enigmatis 3: The Shadow of Karkhala	1068137475
Enlisted	1744726864
Enter Digiton	1637686590
Escape From Tethys	1758146600
Escape Game Fort Boyard	2102487155
Escape Sequence (for Windows 10)	1787141551
Eternal Card Game	1958827848
Eternum Ex'	2113194722
Evan's Remains	2023785453
Even the Ocean	2100783658
Eventide 3: Legacy of Legends	268499227
Evergate	1623383424
Everreach: Project Eden	2016020537
Evil Inside	1867425405
Evoland Legendary Edition	911650903
Exodemon	1625928155
Explosionade DX	2050863486
Explosive Jake	1645917629
Fade to Silence	974041664
Faeria	1856508918
Fall Guys: Ultimate Knockout	1619218235
Fall of Light: Darkest Edition	121904051
Fallout 76	332913499
Family Feud	1824003155
Family Mysteries 2: Echoes of Tomorrow (Xbox One Version)	1622504987
Family Mysteries 3: Criminal Mindset (Xbox Version)	1880213026
Family Mysteries: Poisonous Promises (Xbox One Version)	1687542728
Famima	1660320477
Fantasy General II: Invasion	1726007892
Far CryÂ® 3 Classic Edition	244291844
Far CryÂ® 5	447911394
Far CryÂ® New Dawn	655591242
Far-Out	2038019048
FAR: Lone Sails	2036551350
Farm for your Life	1666577136
Farm Frenzy: Refreshed	1751266892
Farm Together	1678270415
Farmer's Dynasty	82367207
Farming Simulator 19	136002788
Farming Simulator 19 - Window 10	2031716263
Fear Effect Sedna	406910760
Fearful Symmetry & The Cursed Prince	144125902
Feather	1672045983
Felix The Reaper	175755835
Felix the Reaper	175755835
Fernz Gate	2113943936
FFXIII	1889880451
FINAL FANTASY IX	1997023214
FINAL FANTASY VII	607966981
FINAL FANTASY VII	1677004965
FINAL FANTASY VIII Remastered	2021453818
FINAL FANTASY VIII Remastered WINDOWS EDITION	1653694302
FINAL FANTASY X/X-2 HD Remaster	427070178
FINAL FANTASY XII THE ZODIAC AGE	152270586
Final Fantasy XIV Online: A Realm Reborn	1667877464
FINAL FANTASY XV POCKET EDITION	1785402778
Final Star	1907682582
Fishing Planet	490838306
Five Dates	1931098335
Five Nights at Freddy's	1940322572
Five Nights at Freddy's 3	1613695074
Five Nights at Freddy's 4	1790217657
Flashback	774459605
Flaskoman	1848301012
Flatland Vol.2	2041185325
Flipping Death	167646986
Floor Kids	2109036777
Floor Plan: Hands-On Edition	1687285537
Flowlines VS.	1991000217
Flutter Bombs	1952293824
FLYING TIGERS: SHADOWS OVER CHINA	386153688
Football Game	1993404918
Football Manager 2020	1675121339
Football Manager 2021 Xbox Edition	1634118154
For The King	344311848
For The King (PC)	2025884385
Forager	1804966091
Forgotton Anne	338690930
Forgotton Anne	1670916141
Formula Bit Racing DX 	1654709523
Fortnite	1820250788
Forza Horizon 3	1289871275
Forza Horizon 4	1985701699
Forza Horizon 5	2030093255
Forza Street	1720533230
Fossil Hunters	440973859
Four Kings: Video Poker	1710204513
FOX n FORESTS	676400860
FoxyLand	1665570273
FoxyLand 2	1878347145
Fractured Minds	655366314
Freakout: Calamity TV Show	1879591363
Freddy Spaghetti	1690071668
Freddy Spaghetti 2	1923029019
Freedom Finger	2087926896
Friday the 13th: Killer Puzzle	1926405394
From Earth to Heaven	1681906584
Full Metal Furies	1978204673
Full Throttle Remastered	1616852724
FullBlast	107791275
Fumiko!	143801344
Furwind	1678122551
Fury Unleashed	2027986430
FUSERâ„¢	1627281209
FuzzBall	1694490701
G.I. Joe: Operation Blackout	1880707155
Gaijin Charenji 1 : Kiss or Kill	1670160457
Galaxy Champions TV	1908509778
Galaxy Control: Arena	1717888621
Gallic Wars: Battle Simulator	2117611014
Gang Beasts	629270283
Gangsta Paradise	2007728129
Gaps by POWGI	1838347207
Garfield Kart Remaster	1618662965
Garry's Mod	1703613380
Gato Roboto	1644860924
Gears 4	552499398
Gears 5	374923716
Gears of War: Ultimate Edition for Windows 10	1751973977
Gears Tactics	1616046491
Gekido Kintaro's Revenge	975783814
Gelly Break Deluxe	1719360585
Gem Smashers	868315097
Gene Rain	711335666
Generation Zero	1996766682
Generation ZeroÂ®	850118036
Genesis Alpha One	21230315
Genesis Noir	1702713376
Genetic Disaster	1656463781
Get 10 Quest	1683639722
Get Over Here	1870222133
Ghost Files: Memory of a Crime (Xbox One Version)	1866183116
Ghost Sweeper	1636920276
Ghostbusters: The Video Game Remastered	1700344676
Ghosts 'n Goblins Resurrection	1734964144
Gift of Parthax	1942890638
Gigantosaurus The Game	1868247544
Glaive: Brick Breaker	1645809691
Glass Masquerade	5446773
Gleamlight	2119786310
Glittering Sword	1725517776
Gnomes Garden: Lost King	1921366681
Go-Go! Nekketsu Hockey Club Slip-and-Slide Madness	1805345431
God of Light: Remastered	1926157525
Gods Will Fall	1657835461
Going Under	1770092694
GOLAZO	1788626737
Golden Force	1684384721
Golem Gates	1638283108
Golf Club: Wasteland	1665026867
Golf Peaks	1739816952
Golf With Your Friends	1855217179
Golf Zero	1641758497
GONNER2	1699062321
GONNER2	1865118354
GoNNER - BLÃ¼EBERRY EDiTION	394654741
Goodbye Deponia	1926705310
Goosebumps Dead of Night	2048825105
Gorogoa	144763408
Goroons	2016414001
Grab the Bottle	134781024
Grass Cutter - Mutated Lawns	1693500094
Gravel	476517807
Graveyard Keeper	984363462
Gravity Duck	2140309950
GreedFall - Windows 10	1684323586
GREEN VIDEO GAME	1715186656
GRID	943719970
Grim Fandango Remastered	1755179727
Grim Legends 3: The Dark City	373947424
GRIP	671675837
Grizzland	1974630306
Grood	1884451202
Grounded - Game Preview	2105342780
Guacamelee! 2	2018425452
Guard Duty	2043413535
Gun Crazy	1907451415
Guns Gore and Cannoli 2	341719186
Gunvolt Chronicles: Luminous Avenger iX	1825036772
Guts & Glory	121960285
Guts 'N Goals	1698736128
Gutwhale	1657592195
Habroxia 2	1942534686
Hades	1790216132
Haimrik	375727819
Half-Life: Alyx	1638650050
Halo 3 (Xbox 360)	1297287142
Halo 4 (360)	1297287449
Halo 5: Guardians	219630713
Halo : The Master Chief Collection	1144039928
Halo Infinite	2043073184
Halo Infinite - Insider	2096818168
Halo Wars 2	1667928394
Halo Wars: Definitive Edition	1030018025
Halo: MCC Insider	1928525856
Hammerwatch	484274489
Hand of Fate 2	2038958977
Hand of the Gods	882567557
HardCube	1937996780
Harvest Moon: Light of Hope SE Complete	1780268897
Harvest Moon: Mad Dash	1701706628
Haunted Halloween '86	513317848
Haven	1924130173
Hayfever	1798309304
Headliner: NoviNews	1940198155
Heal: Console Edition	1810704057
Heart Box	1790154846
Heavy Fire: Red Shadow	383075131
Heavy Metal Machines	2125426064
Hell Warders	2068868707
Hellblade: Senua's Sacrifice	859843286
Hellblade: Senua's Sacrifice	1785862913
Hellbreachers	1659893240
HELLFRON: HONEYMOON	2115400039
Hero Express	2098139948
Heroes Trials	1935874120
Hexagroove: Tactical DJ	1993427193
Hexologic	1838798461
Hidden Through Time	1700125109
Himno	1835568548
Hitman: Absolution HD	446981050
HITMANâ„¢ 2	5117102
Hive Jump	1741114585
Hoggy2	1810637396
Hollow Knight	2059211995
Home Sweet Home	1069384604
Horde Of Plenty	1799915031
Horizon Chase Turbo	758563081
HORROR OF THE DEEP	1933242194
HORROR TALES: The Wine	1684613875
Hotel Transylvania 3: Monsters Overboard	346098390
Hotshot Racing	939695563
House Flipper	1711563707
Hovership Havoc	2075732193
How to take off your Mask Remaster	1704782946
Human Fall Flat	1638973441
Hungry SharkÂ® World	416597888
Hunt: Showdown	1693450318
Huntdown	1702750733
Hyper Jam	1616900566
Hyper Universe	846450581
HyperDot	1935779345
Hyperscape	1038862451
Hyposphere: Rebirth	1859095666
I Am Hero	1762910874
I and Me	1801967906
I Hate Running Backwards	324613498
I Saw Black Clouds	2113836989
I-AI	1986217968
Ice Age: Scrat's Nutty Adventure	299988825
Ice Cream Surfer	1885512677
Iconoclasts	1634824534
Idle Champions of the Forgotten Realms	273290529
IIN	2129836595
Ikenfell	1627000312
Illusion of L'Phalcia	1664735575
Immortal Planet	1851163040
Immortal Realms (Win)	1717134406
Immortal: Unchained	684411144
IN-VERT	1691343851
inbento	1773043121
Indigo 7 Quest of love	1900437211
Indivisible	2129874876
Indivisible PCGP	1759339651
Inferno 2+	1611566668
Infestor	1890032211
Infinite Beyond the Mind	1859036976
Infliction	1635790563
InkSplosion	649884307
Inops	1898092029
Instant War	1981290513
INVERSUS Deluxe	913091269
Ion Fury	1644577583
Iris Fall	2054032545
Iro Hero	2090177263
Iron Snout	1824926910
Iron Wings	537132957
Island Saver	1840565677
Islanders	1757844217
It Lurks Below	1898064663
It Takes Two	2054716369
Jack N' Jill DX	606230808
JackQuest	1795973745
Jagged Alliance: Rage!	718727066
Jay and Silent Bob - Mall Brawl	2143076844
Jet Set Knights	2044796053
Jisei: The First Case HD	1881986875
Johnny Rocket	2043738831
Journey of the Broken Circle	1636159338
Journey to the Savage Planet	944228222
Jumanji	65384566
JUMP FORCE	819720203
Jump Step Step	984939821
Jurassic World Evolution	705006443
Just Dance 2019Â®	611794133
Just DanceÂ® 2021	2057958746
Just Ignore Them	1898651997
JYDGE	1018418364
Karma. Incarnation 1	2061421502
Katamari Damacy Reroll_Base game	1995913309
Katamari Damacy Reroll_Windows	1721223782
Katana Zero XB1	1869923276
KAUILâ€™S TREASURE	1657986766
Keep Talking and Nobody Explodes	1749806231
KH MoM JP	1711332838
Kholat	646403599
Kid Tripp	1629278465
Kill It With Fire	1679509385
Killer Queen Black	2092629582
Kine	2035310047
King's Guard TD	1922451592
King's Heir: Rise to the Throne (Xbox One Version)	690974671
Kingdom Come: Deliverance	68553410
Kingdom Come: Deliverance (Windows)	1703270586
KINGDOM HEARTS - HD 1.5+2.5 ReMIX -	1687388278
KINGDOM HEARTS - HD 1.5+2.5 ReMIX -	1962559957
KINGDOM HEARTS HD 2.8 Final Chapter Prologue	1873492766
KINGDOM HEARTS â…¢	131518145
KINGDOM HEARTS â…¢	357858858
Kingdom of Arcadia	1927446686
Kingdom Two Crowns	25952469
Knight Squad 2	1989445813
Knight's Retreat	1891846298
Knightin'+	1726220893
Knights and Bikes	1813313277
Knights of Pen & Paper 2 Deluxiest Edition	1674517129
Knights of Pen and Paper +1 Deluxier Edition	2008175655
Knockout Cityâ„¢	1718892809
Korgan	1003487612
Kunio-kun's Nekketsu Soccoer League	1869326478
Kunio-kun: The World Classics Collection	415655737
LA-MULANA	1715299624
Lake Ridden	1872911874
Landflix Odyssey	1642866832
Lanternium	2143308375
Last Stop	1769300522
Lazy Galaxy: Rebel Story	1991354740
League of Evil	1793267323
League of Legends	1811699532
Legend of the Skyfish Xbox One Edition	1863788887
Legend of the Tetrarchs	1726193820
LEGOÂ® DC Super-Villains	975846135
LEGOÂ® Harry Potterâ„¢ Collection	423941531
LEGOÂ® The Incredibles	693381002
LEGRAND LEGACY: Tale of the Fatebounds	1829892926
Leisure Suit Larry - Wet Dreams Don't Dry	1848238632
Let's Cook Together	1992528067
Let's Sing 2020 Hits FranÃ§ais et Internationaux	1809365330
Let's Sing 2020 mit deutschen Hits	1701683366
Let's Sing 2021	2146442135
Let's Sing 2021 mit deutschen Hits	1653931031
Let's Sing Queen	1984921092
Lethal League Blaze	2002613703
Levelhead	1716669263
Library Of Ruina	1925242158
Lichtspee: Double Speer Edition	2082943224
Life is Strange 2 - Episode 1	575414105
Life is Strange: Before the Storm Episode 1	542819315
Life of Fly	1911531366
Life of Fly 2	1718503808
Light Fairytale Episode 1	1712757078
LIMBO	2045560230
Linn: Path of Orchards	1922994269
Liquid Sunshine	1622916447
Little Big Workshop	1689936313
Little Nightmares II	627891457
Little Triangle	2137538060
Lonely Mountains: Downhill	1987951399
Long Ago: A Puzzle Tale	1661176840
Loopindex	1802991132
Lord of the Ð¡lick	1891728216
Lost Artifacts	2071892884
Lost Artifacts: Golden Island	1642117382
Lost Artifacts: Soulstone	1623629655
Lost Artifacts: Time Machine	1820138534
Lost At Sea	1915734131
Lost Ember	1725147420
Lost Grimoires 2: Shard of Mystery	765558687
Lost Grimoires 3: The Forgotten Well (Xbox Version)	1795422557
LOST ORBIT: Terminal Velocity Edition	735446928
Lost Wing	1767988502
Lost Words: Beyond the Page	1785006490
Lost Words: Beyond the Page (Win 10)	1711793977
Lou's Revenge	2134295116
LoveChoice	1715085609
Lovecraft's Untold Stories	2104061721
Lucasfilm Classic Games: Zombies Ate My Neighbors & Ghoul Patrol	1695141626
Lumini	1823008383
Lunch A Palooza	2000128121
M.A.C.E. Space Shooter	1639144264
Mad Games Tycoon	1763558052
Mad Streets	1973635123
Madden NFL 22 Xbox Series X|S	1733044130
Madness Beverage	1692202568
Mafia II: Definitive Edition	1964043658
MageQuit	1625265143
Magical Brickout	417616555
Mahjong Adventure DX	1678552815
Mahjong by Microsoft	1687910025
Mail Mole	1678730360
Many Faces: Console Edition	2100873169
Marble Duel	1975564752
Marenian Tavern Story: Patty and the Hungry God	1753333721
Maria The Witch	194041984
Mark of the Ninja: Remastered	908941238
Mars Power Industries Deluxe	1917350477
Mars: Chaos Menace	2001080469
Marvel Heroes Omega	350075261
Marvel vs. Capcom: Infinite	369157937
Marvel's Avengers	102287491
Mask of Mists	1858676952
Mask of Mists (Xbox Series X|S)	1804795180
Masters of Anima	210837982
Max and the book of chaos	2102515726
Maximum Football 2018	217420079
Maximum Football 2020	1749356989
MechaNika	1704468348
Mecho Tales	2019410677
Mega Man 11	523468027
Mega Man Legacy Collection 2	956590734
Mega Man X Legacy Collection	333701857
Mega Man X Legacy Collection 2	196597117
Mega Man Zero/ZX Legacy Collection	23963413
Megaquarium	1678666345
Megaquarium	1684926097
Mekabolt	2064268067
Mekorama	1749440700
Memoranda	1652872616
Mercenary Kings	721089814
METAGAL	1724248771
Metaloid: Origin	1851655801
Metro Exodus	1045960524
Metro Exodus (Windows)	1660733075
Metro: Last Light Redux	2089740731
Metropolis: Lux Obscura	639411963
Micetopia	1985336824
Microsoft Flight Simulator	1777860928
Microsoft Jigsaw	2003863742
Microsoft Minesweeper	1889321756
Microsoft Number Puzzle	2008114824
Microsoft Solitaire Collection	85494077
Microsoft Sudoku	1703086168
Microsoft Treasure Hunt	1747564672
Microsoft Wordament	293003647
Miden Tower	1630329125
Midnight Deluxe	1820214849
Miles & Kilo	1755111561
Milo's Quest: Console Edition	1842345306
Mina & Michi	1768344349
Mind Maze	1995755957
Minecraft Dungeons	1739375565
Minigolf Tour	1709625152
Mining Rail	494547531
Minion Masters	1997603662
Minoria	1685398815
Minute of Islands	2137239411
Mitsurugi Kamui Hikae	2012020291
Mixups by POWGI	1745918155
Mochi Mochi Boy	1941012318
Modern Tales: Age of Invention (Xbox One Version)	1690207976
Monster Blast	1869632471
Monster Energy Supercross 3	1998994208
Monster Energy Supercross - The Official Videogame	731662901
Monster Harvest	1682174654
MONSTER HUNTER: WORLDâ„¢	226054795
Monster Sanctuary	1867295360
Monster Sanctuary Win 10	2128710093
Monster Train	1781365913
Monster Truck Championship	1807714585
Monster Truck Championship	1983830877
Moon Raider	1957535525
Moonlighter	1656145947
More Dark	1886894987
Morkredd	1766988078
Mortal Kombat 11	285358298
Mortal Shell	1679589975
MOTHERGUNSHIP	199170438
MotoGP20 - Microsoft Store	1699788094
MotoGPâ„¢18	284212046
MotoGPâ„¢20	2079227086
MotoGPâ„¢21	1679173794
MotoGPâ„¢21 - Xbox Series X|S	1766907656
Mount & Blade: Warband PC	1871702552
MouseBot: Escape from CatLab	1937850928
Moving Out	1948147176
Mr. Massagy: Mayo Edition	1856726040
Mr. Pumpkin 2: Kowloon walled city	1657204030
Mugsters	448463130
Mulletman and the Molemen	1631182073
Munchkin CG	2048511735
Murder Diaries	1714277938
Murder Miners	1866194138
Mushroom Quest	1663499633
Mushroom Savior	1678390358
Mushroom Savior (For Windows 10)	1652829137
Must Dash Amigos	1645577996
Mutant Year Zero: Road To Eden	1937457147
MXGP 2019	1833175061
MXGP PRO	803175056
My Big Sister	1698914731
My Brother Rabbit	1713297760
My Child Lebensborn	2137426654
My Friend Pedro	2028520097
My Friend Pedro Win10	1966816764
My Little Riding Champion	444406800
My Memory of Us	2145471987
My Time at Portia	446256697
My Universe - My Baby	1870551425
My Universe - School Teacher	1761109525
MyMaitÃª	1911275658
Myst	1731520158
Mystery Mine	1712038382
Mystik Belle	42493731
Mythic Ocean	1937919291
N++	607267025
namcot collection VOL.2_Base Game	1862035245
namcot collection_Base Game	2070906964
Narcos: Rise of the Cartels	591141110
Narita Boy	1759805434
Narita Boy	1873163708
NARUTO TO BORUTO: SHINOBI STRIKER	1013969466
Natsuki Chronicles	1895847672
NBA 2K Playgrounds 2	971220532
NBA LIVE 19	880031210
Necromunda: Hired Gun	2076732337
Need for Speed Hot Pursuit Remastered	1997252569
Need for Speedâ„¢ Heat	491582364
Need for Speedâ„¢ Payback	831224608
Neighbours from Hell	1740300956
Nekketsu High School Dodgeball Club	2139570900
Nekketsu High School Dodgeball Club - Soccoer Story	1890557199
Nekketsu! Street Basketball All-Out Dunk Heroes	1810660315
Neon Abyss	1882004205
Neon Abyss Win10	1802006334
Neon Junctions	1976357350
Neonwall	1649642799
Neoverse	1703518315
NeuroBloxs	1635653833
Neverout	1983411288
Neverwinter Nights: Enhanced Edition	1737346272
New Super Lucky's Tale	1900564739
Newt One	1683139298
Nexomon: Extinction	1706007518
Nexoria: Dungeon Rogue Heroes	1637601167
Next Up Hero	772540041
Nickelodeon Kart Racers 2	2021405472
Nickelodeon: Kart Racers	303799945
Nicole	1920770735
NieR:Automata_PC	2070801878
NieR:Automataâ„¢ BECOME AS GODS Edition	87350449
Night Book	1940517812
Night Call	2049412372
Night Call WIN10	1900870116
Nightmares from the Deep 3: Davy Jones	175365432
Nine Parchments	1020187268
NINJA GAIDEN 3: Razor's Edge	1700516900
Ninja Gaiden 3: Razor's Edge	1700516900
Ninja Shodown	400632601
Ninjin: Clash of Carrots	25830915
Nippon Marathon	2043833523
No Man's Sky	964706972
Noir Chronicles: City of Crime	731954142
Nongunz: Doppelganger Edition	1705964057
Norman's Great Illusion	2072898460
NORTH	521892059
Nowhere Prophet	1915865634
Nubarron: The adventure of an unlucky gnome	1822065195
Nuclear Throne	2041914938
Null Drifter	1869491359
Observation	1727273780
OCTOPATH TRAVELER	1718697574
Odium to the Core	1652583920
Of Tanks and Demons III	1975660956
Off And On Again	1710760519
Off Road Racing	1868901412
OK K.O.! Let's Play Heroes	352829845
OkunoKA Madness	1704091492
Old Man's Journey	2020065639
Olija	1824827903
Oliver's Adventures in the Fairyland	1626753413
Omega Strike	474102727
Omensight	1986709804
Omno	1729593698
On A Roll 3D	1808857974
One Dog Story	1865781815
One Eyed Kutkh	28588008
One Finger Death Punch 2	1881526368
One Leaves	1752331738
One More Dungeon	2075242813
One Night Stand: Console Edition	1981817951
ONE PIECE World Seeker	521893123
ONE PUNCH MAN: A HERO NOBODY KNOWS	2025399821
One Word by POWGI	1740159483
Oneiros	1774669257
Oniken: Unstoppable Edition	1635445457
Onimusha: Warlords	926156714
ONRUSHâ„¢	118591686
oOo: Ascension	2022727062
Operencia: The Stolen Sun	2057527949
Orbibot	1637937789
Orbital Racer	2106037555
Orcs Must Die! 3	1661545526
Ord	1915622580
Ori and the Blind Forest: Definitive Edition - Nintendo Switch	2027066829
Ori and the Will of the Wisps	1659804324
Othercide	1693393910
Out of Line	2030659251
Outbreak: Epidemic	1870108065
Outbreak: Epidemic Definitive Edition	1629612470
Outbreak: Lost Hope	1762897228
Outbreak: Lost Hope Definitive Edition	2105009589
Outbreak: The New Nightmare Definitive Edition	1656081678
Outbreak: The Nightmare Chronicles Definitive Edition	1772875348
Outer Wilds	162448742
OutRiders	717702870
Outriders	717702870
Outward	308514854
Overcooked! 2	308654313
Overcooked! 2	1727613823
Overcooked! All You Can Eat	1987587652
Overdriven Reloaded: Special Edition	1810257659
Override 2	1949523812
Override: Mech City Brawl	806794764
Overwatch	1635723607
OVIVO	2141672058
Owlboy	461678894
Paladin	593615886
Paladins	682404126
Pandemic: The Board Game	2044736974
Panzer Dragoon: Remake	2115269293
Papa's Quiz	1616365132
Paper Dolls Original	1870861075
Paradise Lost	1949492588
Paradox Soul	2011473090
Party Arcade	2000145726
Party Golf	1011775053
Party Hard 2	1952969635
Party Jousting	1653423732
Past Cure	780657355
Path of Exile	903593533
Path of Sin: Greed (Xbox One Version)	1669161378
Pathologic 2	1798400755
PAW Patrol Mighty Pups Save Adventure Bay	1805770178
PAW Patrol: Adventure City Calls	1912801032
Paw Patrol: On a Roll	939615894
Paw Paw Paw	1924295407
PBA Pro Bowling	1926352092
PBA Pro Bowling 2021	1775966138
PC Building Simulator	1712366974
Peaky Blinders: Mastermind	1981398452
Perfect Traffic Simulator	1857868016
Persephone	1767674924
Persian Nights 2: The Moonlight Veil (Xbox Version)	1751313192
Persian Nights: Sands of Wonders	792180643
Phantasy Star Online 2 New Genesis	2024220276
Phantom Doctrine	1032585022
Phasmophobia	1839962134
Phoenix Point	1960926264
Phoenix Wright: Ace Attorney Trilogy	838746653
PHOGS!	1991248961
Pig Eat Ball	1795484190
Pikuniku	1932565641
Pile Up!	1760385479
Pillar	1687580905
Pillars of Eternity 2 - PC	1644028139
Pillars of Eternity 2: Deadfire	1632843296
Pilot Sports	2025856880
Pinball FX3	1606375163
Pipe Push Paradise	1041455564
Pity Pit	1788227153
PixARK	2046628793
Pixel Devil and the Broken Cartridge	1873401974
Pixel Gladiator	1890622702
Plague Road	1916478046
Plague Tale Innocence (Windows 10)	1686368600
Planescape: Torment and Icewind Dale: Enhanced Editions	1710968984
PLANET ALPHA	340271216
Planet Coaster	1726129713
Planet of the Apes: Last Frontier	926240545
Planet RIX-13	1998294853
Plants vs. Zombies: Battle for Neighborvilleâ„¢	749311689
Play the Show	1628655423
PlayerUnknown's Battlegrounds	2014204696
PlayShow Jeopardy!	1965100318
Please Don't Touch Anything	1859436735
Police Chase	1739676808
PONG Quest	2113285802
Portal Knights	671807457
Portal of Evil: Stolen Runes	2015483372
Post War Dreams	2078177178
Potata: fairy flower	1716484580
Power Rangers: Battle for the Grid	1702524932
Praetorians - HD Remaster	1919133963
Prehistoric Dude	1974279589
Premium Pool Arena	34123030
Prey	1805003112
PRO EVOLUTION SOCCER 2018	838726055
PRO EVOLUTION SOCCER 2019	757817533
Pro Fishing Simulator	307808103
Professor Rubik's Brain Fitness	1642329913
Project Starship	1857354336
Project Starship X	1740970769
Project Warlock	1841294814
Psychonauts 2	1745314691
Pumped BMX Pro	606673599
Pumpkin Jack	1962369921
Purple Chicken Spaceman	29460747
Pushy and Pully in Blockland	1866582061
Puyo Puyo Champions	1655939920
Puyo Puyoâ„¢ TetrisÂ® 2	1789157539
Q-YO Blaster	1798310078
Quake	1843641391
Quantic Pinball	1069849932
Queen's Quest 2: Stories of Forgotten Past (Xbox One Version)	1801662160
Queen's Quest 4: Sacred Truce (Xbox One Version)	1611876144
Quest Hunter	1916618155
Quiplash 2 InterLASHional	2117633627
R-TYPE FINAL 2	1753525435
R-Type Final 2 (Xbox One and Series X)	1664110632
R.B.I. Baseball 21	1714206399
R.B.I. Baseball 21	1984205216
Rabisco+	1820440136
Race with Ryan	1733215481
Radical Rabbit Stew	1977013516
Radio Squid	1666214543
Radon Blast	1832476204
RAGE 2	914276891
RAGE 2 - PC	1970834532
Rain on Your Parade	1673787135
Raining Blobs	1784389929
Rainswept	1995236963
Raji: An Ancient EpiÑ	2051640476
Rally Racers	1803066610
Random Heroes: Gold Edition	1840246441
Ravensword: Shadowlands - Xbox One Edition	1668408788
RAZED	866155904
ReactorX	1897447749
Realm Royale	967641964
Rebound Dodgeball Evolved	723253592
Recompile	2007283473
Red Bow	2119495218
Red Dead Redemption 2	591405932
Red Death	2014256843
Red Wings: Aces of the Sky	1677911053
Redeemer Enhanced Edition	1926182660
Reed 2	1654870769
Reed Remastered	1737514117
Reflection of Mine	2044361342
Regalia: Of Men and Monarchs - Royal Edition	1690272430
Regions of Ruin	2140165399
Rememoried	1927790109
RemiLore	1767858132
Remnant: From the Ashes	2056655762
Remothered: Tormented Fathers	676489959
Renegade	2096824177
REPLICA	1869863863
RESIDENT EVIL 2	374621264
RESIDENT EVIL 3	770775860
RESIDENT EVIL RESISTANCE	802418004
Restless Hero	1843235650
Retro Tanks	1988173959
Reverse Crawl	2114859567
Revolve	290341563
Rex Rocket	1749227385
RGX: Showdown	558873478
RICO	773588741
Riddled Corpses EX	522156478
RIDE 3	474501413
RIDE 4	1696173302
Rift Keeper	2088601240
Rift Racoon	1799902883
Rigid Force Redux	1684494638
Rigid Force Redux	1997384281
RiMS Racing	1623503769
RiMS Racing - Scarlett	1710190632
RIOT - Civil Runrest	566120507
Rip Them Off	2010249480
Rise Eterna	1622731815
Rise of Insanity	1773817392
Rising Hell	1672051495
Risk of Rain	1914565485
Risk of Rain 2	2132429347
Ritual: Crown of Horns	1624643031
Rival Megagun	117079432
River City Girls	1629043783
River City Ransom	2135898119
Road Redemption	806435492
Road to Ballhalla	882850648
Roarr! Jurassic Edition	1787135558
Roblox	2021110805
Robocraft Infinity	193196495
RoboPhobik	1642225842
Robot Squad Simulator X	1799531904
Robozarro	1635848764
Rock of Ages 3: Make & Break	1785385145
Rocket Wars	616579628
Rodent Warriors	1773068328
Rogue Company	531437752
Rogue Explorer	1899784772
Rogue Trooper Redux	189853082
RogueCube	2009472127
Romancing SaGa 3	1611214808
Roombo: First Blood	1850599983
Roommates Visual Novel	2120787743
Roundguard	1711534896
Roundout by POWGI	1826577300
Rover Mechanic Simulator	1702363847
Rover Wars : Battle for Mars	2085071304
Royal Assault	1735946683
Royal Roads	1901151333
Royal Tower Defense	1769809772
Rugby Challenge 4	1652661000
Ruiner	93901068
Rune Lord	1954741846
RuneStone Keeper	1682659740
Rush Rover	1873803329
Rush: A DisneyÂžPixar Adventure	945976112
Rusty Gun	1962597286
Rusty Spout Rescue Adventure	1744569178
Sable's Grimoire	1742041321
Sagebrush	2126853715
Saints Row IV: Re-Elected	1716433734
Saints RowÂ®: The Thirdâ„¢ Remastered	34441781
Sallyâ€™s Law	1670858085
Salt and Sanctuary	378040902
Sam & Max Save the World	1743311963
Samsara	2106443199
Savage Halloween	1698038870
Save Your Nuts	2010124610
Sayonara Wild Hearts	1904355931
Scalextric	2076862108
Scarlett Mysteries: Cursed Child (Xbox One Version)	1720462396
Scheming Through The Zombie Apocalypse: The Beginning	2107195644
ScourgeBringer	1652981346
Scribblenauts Showdown	52620879
Sea of Solitude	303584158
Sea of Thieves	1717113201
Sea Salt	1990492211
Seasons of the Samurai	1699783391
Secret Neighbor	1691013379
Seek Hearts	2136460296
Sekiroâ„¢: Shadows Die Twice	790047319
SELF: Where's my father	1655310402
Selma and the Wisp X	1767095703
Sentinels of Freedom	1765316320
Sephirothic Stories	1775378200
Serious Sam 4	1641777228
Serious Sam Collection	1060097466
Shadow Fencer Theatre	1625295262
Shadow of Loot Box	2080903004
Shadow of the Tomb Raider	913783821
Shadow Warrior 2 Win 10	1691269064
Shadows of Kurgansk	1762877003
Shady Part of Me	1866950192
Shalnor Legends: Sacred Lands	1685514435
Shantae: Risky's Revenge	1774500212
Shaolin vs Wutang	1901019717
Shape of the World	1864438197
She Sees Red	2125030606
Shenmue I & II	2020176886
Shift Quantum	359105514
Shikhondo - Soul Eater	111148378
Shing!	1679830701
Shining Resonance Refrain	903306295
Shoot 1UP DX	1894632879
Sig.NULL	1873340642
Sig.NULL (for Windows 10)	1884016246
Sigi	1883977094
Simulacra	1673805558
Sin Slayers: Enhanced Edition	1734028375
SiNKR	2056602636
SINNER: Sacrifice for Redemption	1730762164
Sisters Royale: Five Sisters Under Fire	1627145602
Skatebird	2060306864
Skatemasta Tcheco	1690514608
Skater XL	2006710939
Skelattack	2117650793
Skelly Selest	2146751396
Skully	2081554729
Sky Rogue	1619226313
Skycadia	1805105433
Skyland: Heart of the Mountain (Xbox Version)	1939859673
Slabwell	2068314025
Slay The Spire	2093000869
Slide Stars	1629584756
Smart Moves	1736697479
Smart Moves 2	1786573857
Smart Moves 2 (for Windows 10)	1770238303
SMITE	1134837784
SMITE	2096906881
Smoke And Sacrifice	322959720
Smoots Summer Games	1875149549
Snakeybus	1671676860
SNK 40th Anniversary Collection	1992471200
SnowRunner	1878915001
SnowRunner â€“ Windows 10	1649097896
Sole	1809324484
Solitaire 3D	1618794811
Solitaire TriPeaks Flowers	2063810986
Solos	1675466746
SolSeraph	1837367469
SOMA	60656359
Sonic Mania	884612576
Soul Hackers 2	2116209805
South Parkâ„¢: The Fractured but Wholeâ„¢	739464821
Space Hulk: Tactics	827319667
Space Hulk: Tactics	1646285430
Space Jam: A New Legacy - The Game	1646985614
Space Otter Charlie	1819891958
Space Station Sprint	2139029288
Spacejacked	1637474900
Spaceland	1861455088
Spacelords	778803087
Sparkle 4 Tales	2045542065
Sparklite	1622466190
Spartan Fist	1676799970
Speed 3: Grand Prix	1624072675
Speed Limit	1743190534
Spellbreak	1859601917
Spencer	1756566674
Spider Solitaire F	1828954590
Spiral Splatter	957732994
Spirit Arena	1781463671
Spirit of the North: Enhanced Edition	1734092917
Spiritfarer	1726756158
Splash Blast Panic	1698538174
Splitgate	1874376911
SpongeBob SquarePants: Battle for Bikini Bottom - Rehydrated	548623535
Spyroâ„¢ Reignited Trilogy	56347639
STAB STAB STAB!	1912029217
Star99	1953292667
Star Crossed	1722658518
Star Hunter DX	1772442243
Star Renegades	2042119715
Star Renegades WIN10	1935756532
STAR WARS Jedi: Fallen Orderâ„¢	680942588
STAR WARSâ„¢ Episode I Racer	1883232264
Starbound	1611656661
Starlink: Battle for Atlas	82653045
Starlit Adventures	2000011414
Starpoint Gemini Warlords	1015961921
State of Anarchy: Master of Mayhem	798157111
State of Decay 2: Juggernaut Edition	1938834516
STAY	688529719
STAY COOL KOBAYASHI-SAN!: A RIVER CITY RANSOM STORY	1727373196
Steampunk Tower 2	1968761430
Steamroll	1008004246
SteamWorld Dig 2	1833403666
Steel Ratsâ„¢	533811602
Stela	1907924307
Stellaris	1762712365
STELLATUM	2135799767
Steven Universe: Unleash the Light	2040979596
StickType	1800950858
STONE	2084162548
Stones of the Revenant	1692217533
Stories Untold	2104502032
Stories: The Path of Destinies	1975260133
Storm Boy	2088425994
Story of a Gladiator	2019891659
Stranded Sails - Explorers of the Cursed Islands	1880766379
Strange Brigade	903098188
Stranger Things 3: The Game	1763122581
Strawberry Vinegar	1847259893
Street Fighter 30th Anniversary Collection	155936527
Street Outlaws	1622218170
Street Racer Underground	1720914268
Streets of Rogue	1945712967
Stretch Arcade	2127906505
Strike Force 2 - Terrorist Hunt	1997028646
Stunt Kite Party	1615800494
SturmFront - The Mutant War: Ubel Edition	1706812340
Subaracity	2066532210
Subnautica: Below Zero	1848088335
Sumatra: Fate of Yandi	1891013041
Summer in Mara	2093604199
Summer Sports Games	1760622022
Sundered: Eldritch Edition	1892393976
Sunset Overdrive	1718545023
Super Animal Royale	1694250070
Super Arcade Soccer 2021	1634482046
Super Blood Hockey	1648742604
Super Bomberman R Online	1841866029
Super Box Land Demake	1912881818
Super Destronaut DX	919503560
Super Destronaut DX-2	1706976503
Super Destronaut: Land Wars	1970926688
Super Dodge Ball	1903601100
Super Dodgeball Beats	2000371555
Super Dungeon Tactics	1022309747
Super Lucky's Tale	1040009086
Super Mega Space Blaster Special Turbo	1757277224
Super Monkey Ball Banana Blitz HD	1866825187
Super Soccer Blast	1880907442
Super Soccer Blast: America vs Europe	1812793649
Super Space Serpent SE	1710095421
Super Sports Blast	1816261166
Super Star Blast	1772304991
Super Tennis Blast	1628468632
Super Toy Cars 2	1708138487
Super Volley Blast	1914281401
Super Weekend Mode	1667615573
Super Wiloo Demake	1677459893
SUPERHOT: MIND CONTROL DELETE	1933718863
SuperMash	1729124821
Supraland	1839740207
Supraland (Win 10)	1989291815
Sure Footing	2058625575
Surgeon Simulator 2	1949756621
Surprise! Nekketsu New Records! The Distant Gold Medal	2003594594
Surviving Mars	1775967989
Swim Out	1713862219
Swimsanity!	1804098370
Switch 'N' Shoot	1626294633
SWORD ART ONLINE Alicization Lycoris	412423425
Swordbreaker The Game	1799525101
Synchro Hedgehogs	1921935939
Synchro Hedgehogs (for Windows 10)	1773956150
Syrup and the Ultimate Sweet	1815398395
Tacoma	1725136156
Tacticool Champs	1716409839
Taiko no Tatsujin: The Drum Master!	1624264477
Taimumari: Complete Edition	2017010053
Takotan	1879459921
Tales of Vesperia_PC_Base Game	1681695472
Talking Tom Candy Run	1979761321
Tamashii	1824609776
Tamiku	1716307053
Tank Brawl 2: Armor Fury	1722525153
Tanknarok	1949676989
Tanky Tanks	1666494489
Tannenberg	1718047845
Task Force Kampas	1969293314
Tcheco in the Castle of Lucio	1612130640
Team Fortress 2	1991819514
Team Sonic Racingâ„¢	225007476
Tech Glitch	1733855657
Techno Tanks	1717710701
Tee Time Golf	1970352660
Teenage Mutant Ninja Turtles: Shredder's Revenge	1756421327
Tell Me Why	1936930219
Telling Lies	1824777308
Tennis World Tour 2	1761788696
Tennis World Tour 2 - Scarlett	1713029347
TERA	1047413393
Teratopia	2076990545
TERMINATOR: RESISTANCE	1906078054
Tesla Force	2019592943
Tesla vs Lovecraft	188910190
TETRA's Escape	380646675
TetrisÂ® Effect: Connected	1819798709
Tetsumo Party	1842105208
The Adventures of 00 DillyÂ®	1617811156
The Adventures of Elena Temple: Definitive Edition	1864318356
The Amazing American Circus	1752550996
The Ambassador	1832768277
The Artful Escape	2024145056
The Ascent	836165876
The Bard's Tale IV: Director's Cut	157772240
The Bard's Tale: Remastered and Resnarkled	1891258006
The Blobs Fight!	1842701810
The Bluecoats - North & South Remaster	1651981610
The Bradwell Conspiracy	1927699557
THE Casino Collection	2076835000
The Council - Episode 1: The Mad Ones	939155231
The Count Lucanor	1689193187
The CrewÂ® 2 Standard Edition	504085184
The Dark Crystal: Age of Resistance Tactics	1639995109
The Dark Pictures Anthology: Man Of Medan	890454034
The Darkside Detective	1927891347
The Darkside Detective: A Fumble in the Dark	1727304779
The Elder Scrolls Online: Tamriel Unlimited	1285166951
The Elder Scrolls V: Skyrim Special Edition (PC)	1688839217
The Evil Within (PC)	2095867988
The First Tree	2051823157
The Food Run	300732950
The Forbidden Arts	1683175225
The Gardens Between	1835878377
The Grand Tour Game	255325426
The Great Perhaps	1759275046
The Infectious Madness of Doctor Dekker	518483923
The Inner Friend	2048107732
The Invisible Hours	843167706
The Jackbox Party Pack 6	1748769487
The Journey Down: Chapter One	191992908
The Journey Down: Chapter Three	450748944
The Journey Down: Chapter Two	4968325
The King's Bird	1754337118
The Language Of Love	1642253259
The Last Campfire	2079588618
The Last DeadEnd	1736333412
The Last Door - Complete Edition	2060439943
The Last Door: Season 2 Collector's Edition	2030947936
The Last Rolling Hero	1899791468
THE LAST SCAPE	1944856133
The Last Show of Mr. Chardish	2027272098
The LEGO Movie 2 Videogame	605741753
The LEGOÂ® NINJAGOÂ® Movie Video Game	654883159
The Long Journey Home	1036658396
The Long Reach	702883504
The Lord of the Ring : The Living Card Game	1854696468
The Medium	1781023780
The Messenger	1962688125
The Messenger	1991539413
The Metronomicon: Slay the Dance Floor	186907511
The MISSING: J.J. Macfield and the Island of Memories	609835635
The Mooseman	34077338
The Mosaic	1756584367
The Mummy Demastered	482654991
The Office Quest	2089045375
The One We Found	161239786
The Outer Worlds	618537566
The Outer Worlds Windows 10	1675176110
The Path of Motus	1998429514
The Penguin Factory	1722439253
The Persistence	2054602409
The Procession to Calvary	1909279725
The Raven Remastered	1069677406
The Riftbreaker PC	1902329140
The Secret Order: Shadow Breach (Xbox One Version)	1847538028
The Simsâ„¢ 4	321656011
The Sinking City	996619018
The Skylia Prophecy	1820522912
The Sojourn	1850656526
The Spectrum Retreat	1070294157
The Station	693104257
The Strange Story Of Brian Fisher: Chapter 1	2102420520
The Surge	20605635
The Surge	2027192082
The Surge 2	901516198
The Surge 2 - Windows 10	1839607296
The Survivalists	1619933938
The Talos Principle	1735845764
The Touryst	1726196768
The Tower of Beatrice	1783404014
The Vanishing of Ethan Carter	54480103
The VideoKid	1781089938
The Walking Dead: The Final Season	31939361
The Walking Dead: The Final Season	428173642
The Walking Vegetables: Radical Edition	1745696189
The Wild at Heart	2092946250
The Z Axis: Continuum	2058835040
They Are Billions	2031756340
Thief of Thieves: Season One	1944273028
Thief Simulator	1628698678
Think of the Children	29206755
Throne Quest Deluxe	1963676642
Thumper	600509688
Thunder Paw	2018434933
Thy Sword	1857934534
Tiles	1789607751
Time Carnage	843161586
Time Recoil	149623797
Timespinner	1685342709
Tiny Hands Adventure	2121432568
TITAN SLAYER	1682210869
Tobuscus Adventures: Wizards	1676847362
TOHU	2133385474
TOKI Juju Densetsu	1691955008
Tokyo Warfare Turbo	1764831145
Tom Clancy's Rainbow Six Siege	2081130223
Tom Clancy's The DivisionÂ® 2	352040487
Tom Clancyâ€™s Ghost ReconÂ® Breakpoint	961090289
Tony Stewart's All-American Racing	1673810447
Tools Up!	2025852578
Top Run	1704625304
Torchlight 2	21471625
Torchlight III	1610985256
Tormented Souls	1695392136
Total War: Warhammer III	1737329553
Totally Accurate Battle Simulator	1961305648
Totally Reliable Delivery Service	1740172423
Touhou Luna Nights	1760551143
Towaga: Among Shadows	1761882488
Tracks - The Train Set Game	1887639245
Trailmakers	1805568255
TRANSFORMERS: BATTLEGROUNDS	2089745138
TRAX - Build it Race it	2037684175
Treasure Hunter Simulator	1917641293
Treasure Stack	1950827622
Trenga Unlimited	1748082203
Trine 4: The Nightmare Prince	75584766
Trollhunters: Defenders of Arcadia	1676268108
Trover Saves the Universe	1735843094
Truck Driver	1022548859
Truck Racing Championship	547734537
Turok	495493033
Turok 2: Seeds of Evil	644829211
Turtle's Quest	305444235
Twelve Minutes	1944807356
Twin Breaker: A Sacred Symbols Adventure	1728510344
Twin Robots: Ultimate Edition	2099992440
TwinCop	601717133
Two Parsecs From Earth	1989351144
Two Point Hospitalâ„¢	1692546142
Two Point Hospitalâ„¢	2050010864
TY the Tasmanian Tiger HD	1871105054
Tyler: Model 005	87240795
UglyDolls: An Imperfect Adventure	823524527
Ultimate Custom Night	1634720918
Ultimate Fishing Simulator	1964788774
Ultimate Ski Jumping 2020	2037675910
Ultra Hat Dimension	2066050880
UltraGoodness 2	1882519040
Ultrawings	1758562287
Uncharted Tides: Port Royal (Xbox One Version)	1802779336
Undead Horde	1611809839
Under Leaves	1741623548
UnderMine	2117776820
Unknown Fate	1930807586
Unravel Two	384396065
Unruly Heroes	1627998028
Unruly Heroes	2093604131
Unspottable	2060146885
Untitled Darkness	1724648822
Untitled Goose Game	1840411466
Unto the End	2026577202
Unturned	1658477123
V-Rally 4	103629720
VA-11 Hall-A: Cyberpunk Bartender Action	1947911457
Valfaris	1622859130
VALORANT	1856764962
Vambrace: Cold Soul	1980974265
Vampire's Fall Origins	1964791683
Vampire: The Masquerade - Shadows of New York	1915757611
Vampyr	449394673
Vampyr	1929508962
Vanquish	1777656573
Varenje: Don't Speak With Berries	2005824828
VASARA Collection	1837258106
VASARA Collection	1906609238
Vasilis	1688903402
Vegas Party	736226383
Velocity G	2081550099
Vera Blanc: Full Moon	2139071220
Vigor	872826607
Virtual Villagers Origins 2 Xbox	1895560154
Virtuous Western	1877753829
Void Bastards	1778298055
Void Gore	1664766972
Void Vikings	1613805570
Vosaria: Lair of the Forgotten	1951858060
Voyage of the Dead	154176805
W.O.R.L.D.S: Win Own Reinvent Live Discover Sim	1708649485
Wandersong	1713876987
War Planet Online: Global Conquest	563485628
War Thunder	171869406
WarDogs: Red's Return	2049402208
Warface	995095203
Warface: Breakout	2034956980
Wargroove	1732740414
Warhammer 40000: Inquisitor - Martyr	689916261
Warhammer Quest 2: The End Times	1627622889
Warhammer: Chaosbane	648298719
Warhammer: Chaosbane Enhanced Edition	1704142080
Warhammer: Vermintide 2	1007715169
Warlock's Tower	1925552200
Warparty	1884265285
Warrior Boy Xbox	1748963818
WARRIORS OROCHI 4	474535578
WARTILE	1794639484
Watch Dogs: Legion	84790147
We should talk.	1892264234
We Were Here	1926895632
We Were Here Too	1788936172
We. The Revolution	1753346763
Weakless	1911549828
Weapon of Choice DX	1951058598
Welcome To Elk	2007366287
Welcome to Hanwell	1876224290
Wer weiÃŸ denn sowas? - Das Spiel	2046117680
Werewolf: The Apocalypse - Heart of the Forest	1706883902
West of Dead	1740517029
West of Dead	2144997626
What the Box?	947593055
Wheelspin Frenzy	783532113
When the Past was Around	1837745362
Where the Bees Make Honey	1723298499
Where the Snow Settles	1716000526
Whipseey and the Lost Atlas	1724902545
Who Wants to Be a Millionaire?	1851310927
Who's Your Daddy	1799585413
Wilmot's Warehouse	2031627919
Windscape	1876184528
Winx Club: Alfea Butterflix Adventures	197099439
Within the Blade	1625301419
Without Escape: Console Edition	1847003138
Wizard of Legend	940586683
Wizards of Brandel	2140805845
Wizodd	1710837755
Wobbly Life	1758796660
Wolfenstein II: The New Colossus	2008811924
Wolfenstein: The New Order (PC)	1677025209
Wolfenstein: Youngblood	496534680
Wolfenstein: Youngblood - PC	1861858143
WolfensteinÂ® II: The New Colossusâ„¢	2132785815
Word Sudoku by POWGI	1964417553
World Enduro Rally	1752292722
WORLD OF FINAL FANTASY MAXIMA	521446567
World Soccer Strikers '91	1743668170
World War Z	940594756
Worms Rumble	1631055981
Worms W.M.D	1657689138
Woven the Game	2007771861
WRC 7 FIA World Rally Championship	912832008
WRC 8 FIA World Rally Championship	1894333860
WRC 9 FIA World Rally Championship	1922758426
Wreckfest	283303390
Wreckfest	2091194104
Wunderling	1944971356
WWE 2K Battlegrounds	2142309066
Xeno Crisis	2141778943
Xenon Racer	247373574
XIII Remaster	2094867598
Yakuza 0	1953589006
Yakuza 3	1755180052
Yakuza 4 (PC)	1764107912
Yakuza 6: The Song of Life	1773431897
Yakuza Kiwami	1998643149
Yakuza Kiwami (PC)	1636871347
Yakuza: Like a Dragon	1791400679
Yes-Your Grace	2035057372
Yet Another Zombie Defense HD	912199926
Yoko & Yuki: Dr. Rat's Revenge	1647070017
Yoku's Island Express	555542903
Yonder: The Cloud Catcher Chronicles	1679305719
Yonder: The Cloud Catcher Chronicles	1871819472
Yooka-Laylee and the Impossible Lair	1990116831
Youtubers Life - OMG Edition	1002820120
Yu-Gi-Oh! Legacy of the Duelist: Link Evolution	2116409537
ZAMB! Redux	258602783
Zazmo Arcade Pack	1612005377
Zero Strain	1628746110
Zero Zero Zero Zero	1699368577
Zeroptian Invasion	1714978774
Zoffice	1617379046
Zombie Army 4 - Dead War	1793764669
Zombieland	1630662193
Zombies ruined my day	1947126242
ÅŒKAMI HD	933693396
æ­»å°	821527019
ç¥žå·«å¥³	1708537584
ï»¿Loot Hero DX	1898753130
